"","Type","Flora","Batch"
"1","HM20","A",0.5
"2","HM20","A",0.5
"3","HM20","A",0.5
"4","HM20","A",0.5
"5","HM20","A",0.5
"7","HM20","A",0.5
"8","HM20","A",0.5
"9","HM20","A",0.5
"12","HM20","A",0.5
"13","HM20","A",0.5
"14","HM20","A",0.5
"16","HM20","A",0.5
"17","HM20","A",0.5
"18","HM20","A",0.5
"19","HM20","A",0.5
"20","HM20","A",0.5
"21","HM20","A",0.5
"22","HM20","A",0.5
"23","HM20","A",0.5
"24","HM20","A",0.5
"25","HM20","A",0.5
"51","HM20","A",1
"52","HM20","A",1
"53","HM20","A",1
"54","HM20","A",1
"55","HM20","A",1
"56","HM20","A",1
"57","HM20","A",1
"58","HM20","A",1
"59","HM20","A",1
"60","HM20","A",1
"61","HM20","A",1
"62","HM20","A",1
"63","HM20","A",1
"64","HM20","A",1
"65","HM20","A",1
"66","HM20","A",1
"67","HM20","A",1
"68","HM20","A",1
"69","HM20","A",1
"70","HM20","A",1
"26","HM20","A",1.5
"27","HM20","A",1.5
"28","HM20","A",1.5
"29","HM20","A",1.5
"30","HM20","A",1.5
"31","HM20","A",1.5
"32","HM20","A",1.5
"33","HM20","A",1.5
"34","HM20","A",1.5
"35","HM20","A",1.5
"36","HM20","A",1.5
"37","HM20","A",1.5
"38","HM20","A",1.5
"40","HM20","A",1.5
"41","HM20","A",1.5
"42","HM20","A",1.5
"44","HM20","A",1.5
"45","HM20","A",1.5
"46","HM20","A",1.5
"47","HM20","A",1.5
"48","HM20","A",1.5
"49","HM20","A",1.5
"50","HM20","A",1.5
"208","HM20","A",2
"210","HM20","A",2
"211","HM20","A",2
"212","HM20","A",2
"213","HM20","A",2
"214","HM20","A",2
"215","HM20","A",2
"216","HM20","A",2
"217","HM20","A",2
"218","HM20","A",2
"220","HM20","A",2
"221","HM20","A",2
"222","HM20","A",2
"223","HM20","A",2
"224","HM20","A",2
"225","HM20","A",2
"226","HM20","A",2
"227","HM20","A",2
"186","HM20","A",2.5
"187","HM20","A",2.5
"188","HM20","A",2.5
"189","HM20","A",2.5
"190","HM20","A",2.5
"191","HM20","A",2.5
"192","HM20","A",2.5
"193","HM20","A",2.5
"194","HM20","A",2.5
"195","HM20","A",2.5
"197","HM20","A",2.5
"199","HM20","A",2.5
"200","HM20","A",2.5
"202","HM20","A",2.5
"203","HM20","A",2.5
"205","HM20","A",2.5
"206","HM20","A",2.5
"207","HM20","A",2.5
"251","HM20","A",3
"252","HM20","A",3
"254","HM20","A",3
"255","HM20","A",3
"256","HM20","A",3
"258","HM20","A",3
"259","HM20","A",3
"260","HM20","A",3
"261","HM20","A",3
"262","HM20","A",3
"263","HM20","A",3
"264","HM20","A",3
"265","HM20","A",3
"266","HM20","A",3
"267","HM20","A",3
"268","HM20","A",3
"269","HM20","A",3
"228","HM20","A",3.5
"229","HM20","A",3.5
"230","HM20","A",3.5
"231","HM20","A",3.5
"232","HM20","A",3.5
"233","HM20","A",3.5
"234","HM20","A",3.5
"235","HM20","A",3.5
"236","HM20","A",3.5
"237","HM20","A",3.5
"238","HM20","A",3.5
"239","HM20","A",3.5
"241","HM20","A",3.5
"242","HM20","A",3.5
"243","HM20","A",3.5
"245","HM20","A",3.5
"247","HM20","A",3.5
"249","HM20","A",3.5
"292","HM20","A",4
"293","HM20","A",4
"294","HM20","A",4
"295","HM20","A",4
"296","HM20","A",4
"297","HM20","A",4
"298","HM20","A",4
"299","HM20","A",4
"301","HM20","A",4
"302","HM20","A",4
"303","HM20","A",4
"304","HM20","A",4
"309","HM20","A",4
"310","HM20","A",4
"311","HM20","A",4
"312","HM20","A",4
"271","HM20","A",4.5
"272","HM20","A",4.5
"273","HM20","A",4.5
"274","HM20","A",4.5
"275","HM20","A",4.5
"276","HM20","A",4.5
"277","HM20","A",4.5
"278","HM20","A",4.5
"279","HM20","A",4.5
"280","HM20","A",4.5
"282","HM20","A",4.5
"283","HM20","A",4.5
"284","HM20","A",4.5
"285","HM20","A",4.5
"287","HM20","A",4.5
"288","HM20","A",4.5
"289","HM20","A",4.5
"290","HM20","A",4.5
"291","HM20","A",4.5
"335","HM20","A",5
"336","HM20","A",5
"337","HM20","A",5
"338","HM20","A",5
"339","HM20","A",5
"340","HM20","A",5
"341","HM20","A",5
"342","HM20","A",5
"343","HM20","A",5
"344","HM20","A",5
"345","HM20","A",5
"346","HM20","A",5
"347","HM20","A",5
"348","HM20","A",5
"349","HM20","A",5
"350","HM20","A",5
"351","HM20","A",5
"352","HM20","A",5
"353","HM20","A",5
"354","HM20","A",5
"355","HM20","A",5
"313","HM20","A",5.5
"316","HM20","A",5.5
"317","HM20","A",5.5
"318","HM20","A",5.5
"319","HM20","A",5.5
"320","HM20","A",5.5
"321","HM20","A",5.5
"322","HM20","A",5.5
"323","HM20","A",5.5
"324","HM20","A",5.5
"325","HM20","A",5.5
"328","HM20","A",5.5
"329","HM20","A",5.5
"330","HM20","A",5.5
"331","HM20","A",5.5
"333","HM20","A",5.5
"334","HM20","A",5.5
"374","HM20","A",6
"375","HM20","A",6
"376","HM20","A",6
"377","HM20","A",6
"378","HM20","A",6
"379","HM20","A",6
"380","HM20","A",6
"381","HM20","A",6
"382","HM20","A",6
"383","HM20","A",6
"384","HM20","A",6
"386","HM20","A",6
"357","HM20","A",6.5
"359","HM20","A",6.5
"360","HM20","A",6.5
"361","HM20","A",6.5
"362","HM20","A",6.5
"363","HM20","A",6.5
"364","HM20","A",6.5
"365","HM20","A",6.5
"366","HM20","A",6.5
"367","HM20","A",6.5
"368","HM20","A",6.5
"369","HM20","A",6.5
"370","HM20","A",6.5
"371","HM20","A",6.5
"372","HM20","A",6.5
"373","HM20","A",6.5
"407","HM20","A",7
"408","HM20","A",7
"409","HM20","A",7
"410","HM20","A",7
"411","HM20","A",7
"387","HM20","A",7.5
"388","HM20","A",7.5
"389","HM20","A",7.5
"390","HM20","A",7.5
"391","HM20","A",7.5
"392","HM20","A",7.5
"393","HM20","A",7.5
"394","HM20","A",7.5
"395","HM20","A",7.5
"396","HM20","A",7.5
"397","HM20","A",7.5
"398","HM20","A",7.5
"399","HM20","A",7.5
"400","HM20","A",7.5
"401","HM20","A",7.5
"402","HM20","A",7.5
"403","HM20","A",7.5
"404","HM20","A",7.5
"405","HM20","A",7.5
"406","HM20","A",7.5
"433","HM20","A",8
"434","HM20","A",8
"435","HM20","A",8
"436","HM20","A",8
"437","HM20","A",8
"438","HM20","A",8
"439","HM20","A",8
"440","HM20","A",8
"441","HM20","A",8
"442","HM20","A",8
"412","HM20","A",8.5
"413","HM20","A",8.5
"414","HM20","A",8.5
"415","HM20","A",8.5
"416","HM20","A",8.5
"417","HM20","A",8.5
"418","HM20","A",8.5
"419","HM20","A",8.5
"420","HM20","A",8.5
"421","HM20","A",8.5
"422","HM20","A",8.5
"423","HM20","A",8.5
"424","HM20","A",8.5
"425","HM20","A",8.5
"426","HM20","A",8.5
"427","HM20","A",8.5
"428","HM20","A",8.5
"429","HM20","A",8.5
"430","HM20","A",8.5
"431","HM20","A",8.5
"432","HM20","A",8.5
"465","HM20","A",9
"467","HM20","A",9
"468","HM20","A",9
"443","HM20","A",9.5
"444","HM20","A",9.5
"445","HM20","A",9.5
"446","HM20","A",9.5
"447","HM20","A",9.5
"448","HM20","A",9.5
"449","HM20","A",9.5
"450","HM20","A",9.5
"451","HM20","A",9.5
"452","HM20","A",9.5
"453","HM20","A",9.5
"454","HM20","A",9.5
"455","HM20","A",9.5
"457","HM20","A",9.5
"458","HM20","A",9.5
"459","HM20","A",9.5
"460","HM20","A",9.5
"461","HM20","A",9.5
"462","HM20","A",9.5
"463","HM20","A",9.5
"464","HM20","A",9.5
"71","HM20","A",10.5
"72","HM20","A",10.5
"73","HM20","A",10.5
"74","HM20","A",10.5
"75","HM20","A",10.5
"76","HM20","A",10.5
"77","HM20","A",10.5
"78","HM20","A",10.5
"79","HM20","A",10.5
"80","HM20","A",10.5
"81","HM20","A",10.5
"82","HM20","A",10.5
"83","HM20","A",10.5
"84","HM20","A",10.5
"85","HM20","A",10.5
"86","HM20","A",10.5
"87","HM20","A",10.5
"88","HM20","A",10.5
"89","HM20","A",10.5
"90","HM20","A",10.5
"92","HM20","A",11.5
"93","HM20","A",11.5
"94","HM20","A",11.5
"95","HM20","A",11.5
"97","HM20","A",11.5
"98","HM20","A",11.5
"99","HM20","A",11.5
"100","HM20","A",11.5
"101","HM20","A",11.5
"102","HM20","A",11.5
"103","HM20","A",11.5
"104","HM20","A",11.5
"105","HM20","A",11.5
"107","HM20","A",11.5
"108","HM20","A",11.5
"109","HM20","A",12.5
"110","HM20","A",12.5
"111","HM20","A",12.5
"112","HM20","A",12.5
"113","HM20","A",12.5
"114","HM20","A",12.5
"115","HM20","A",12.5
"117","HM20","A",12.5
"118","HM20","A",12.5
"119","HM20","A",12.5
"120","HM20","A",12.5
"121","HM20","A",12.5
"122","HM20","A",12.5
"123","HM20","A",12.5
"124","HM20","A",12.5
"125","HM20","A",12.5
"141","HM20","A",13
"142","HM20","A",13
"143","HM20","A",13
"126","HM20","A",13.5
"127","HM20","A",13.5
"128","HM20","A",13.5
"129","HM20","A",13.5
"130","HM20","A",13.5
"131","HM20","A",13.5
"132","HM20","A",13.5
"133","HM20","A",13.5
"134","HM20","A",13.5
"135","HM20","A",13.5
"136","HM20","A",13.5
"137","HM20","A",13.5
"138","HM20","A",13.5
"139","HM20","A",13.5
"140","HM20","A",13.5
"161","HM20","A",14
"162","HM20","A",14
"163","HM20","A",14
"164","HM20","A",14
"165","HM20","A",14
"166","HM20","A",14
"167","HM20","A",14
"168","HM20","A",14
"145","HM20","A",14.5
"146","HM20","A",14.5
"147","HM20","A",14.5
"148","HM20","A",14.5
"149","HM20","A",14.5
"150","HM20","A",14.5
"151","HM20","A",14.5
"152","HM20","A",14.5
"153","HM20","A",14.5
"154","HM20","A",14.5
"155","HM20","A",14.5
"156","HM20","A",14.5
"157","HM20","A",14.5
"158","HM20","A",14.5
"159","HM20","A",14.5
"160","HM20","A",14.5
"169","HM20","A",15.5
"170","HM20","A",15.5
"171","HM20","A",15.5
"172","HM20","A",15.5
"173","HM20","A",15.5
"174","HM20","A",15.5
"175","HM20","A",15.5
"176","HM20","A",15.5
"177","HM20","A",15.5
"178","HM20","A",15.5
"179","HM20","A",15.5
"180","HM20","A",15.5
"181","HM20","A",15.5
"182","HM20","A",15.5
"183","HM20","A",15.5
"184","HM20","A",16
"185","HM20","A",16
"11","HM20","A",1
"219","HM20","A",1
"3100","HM20","A",1
"493","HM20","A",1
"539","HM20","A",1
"712","HM20","A",1
"845","HM20","A",1
"925","HM20","A",1
"1221","HM20","A",1
"1315","HM20","A",1
"1422","HM20","A",1
"1665","HM20","A",1
"1734","HM20","A",1
"1866","HM20","A",1
"196","HM20","A",1
"2024","HM20","A",1
"1259","HM20","A",2
"1260","HM20","A",2
"1261","HM20","A",2
"1262","HM20","A",2
"1263","HM20","A",2
"1264","HM20","A",2
"1265","HM20","A",2
"1266","HM20","A",2
"1267","HM20","A",2
"1268","HM20","A",2
"1269","HM20","A",2
"1270","HM20","A",2
"1271","HM20","A",2
"1272","HM20","A",2
"1273","HM20","A",2
"1274","HM20","A",2
"1275","HM20","A",2
"1276","HM20","A",2
"1277","HM20","A",2
"1278","HM20","A",2
"1404","HM20","A",3
"1405","HM20","A",3
"1406","HM20","A",3
"1407","HM20","A",3
"1408","HM20","A",3
"1409","HM20","A",3
"1410","HM20","A",3
"1411","HM20","A",3
"1412","HM20","A",3
"1413","HM20","A",3
"1414","HM20","A",3
"1415","HM20","A",3
"1416","HM20","A",3
"1417","HM20","A",3
"1418","HM20","A",3
"1419","HM20","A",3
"1420","HM20","A",3
"1421","HM20","A",3
"1423","HM20","A",3
"1663","HM20","A",4
"1664","HM20","A",4
"1666","HM20","A",4
"1667","HM20","A",4
"1668","HM20","A",4
"1669","HM20","A",4
"1670","HM20","A",4
"1671","HM20","A",4
"1672","HM20","A",4
"1673","HM20","A",4
"1675","HM20","A",4
"1676","HM20","A",4
"1677","HM20","A",4
"1678","HM20","A",4
"1679","HM20","A",4
"1680","HM20","A",4
"1681","HM20","A",4
"1682","HM20","A",4
"1683","HM20","A",4
"1932","HM20","A",5
"1933","HM20","A",5
"1934","HM20","A",5
"1935","HM20","A",5
"1936","HM20","A",5
"1937","HM20","A",5
"1938","HM20","A",5
"1939","HM20","A",5
"1940","HM20","A",5
"1941","HM20","A",5
"1942","HM20","A",5
"1943","HM20","A",5
"1944","HM20","A",5
"1945","HM20","A",5
"1946","HM20","A",5
"1947","HM20","A",5
"1948","HM20","A",5
"1949","HM20","A",5
"1951","HM20","A",5
"2191","HM20","A",6
"2192","HM20","A",6
"2194","HM20","A",6
"2195","HM20","A",6
"2197","HM20","A",6
"2198","HM20","A",6
"2199","HM20","A",6
"2201","HM20","A",6
"2202","HM20","A",6
"2387","HM20","A",7
"2388","HM20","A",7
"2389","HM20","A",7
"2540","HM20","A",8
"2541","HM20","A",8
"2542","HM20","A",8
"2543","HM20","A",8
"2544","HM20","A",8
"2545","HM20","A",8
"2546","HM20","A",8
"2547","HM20","A",8
"2548","HM20","A",8
"2549","HM20","A",8
"2710","HM20","A",9
"2711","HM20","A",9
"2712","HM20","A",9
"2713","HM20","A",9
"3831","HM20","A",13
"3841","HM20","A",13
"385","HM20","A",13
"3861","HM20","A",13
"543","HM20","A",14
"544","HM20","A",14
"545","HM20","A",14
"546","HM20","A",14
"547","HM20","A",14
"548","HM20","A",14
"550","HM20","A",14
"843","HM20","A",16
"844","HM20","A",16
"1064","HM20","A",17
"1280","HM20","A",20
"1282","HM20","A",21
"1283","HM20","A",21
"1284","HM20","A",21
"1285","HM20","A",21
"1286","HM20","A",21
"1287","HM20","A",21
"1288","HM20","A",21
"1289","HM20","A",21
"1290","HM20","A",21
"1292","HM20","A",22
"1293","HM20","A",22
"1294","HM20","A",22
"1295","HM20","A",22
"1300","HM20","A",22
"1301","HM20","A",22
"1302","HM20","A",22
"1303","HM20","A",22
"1305","HM20","A",23
"1306","HM20","A",23
"1307","HM20","A",23
"1308","HM20","A",23
"1309","HM20","A",23
"1310","HM20","A",23
"1311","HM20","A",23
"1312","HM20","A",23
"1313","HM20","A",23
"1314","HM20","A",23
"1316","HM20","A",24
"1317","HM20","A",24
"1318","HM20","A",24
"1319","HM20","A",24
"1321","HM20","A",24
"1322","HM20","A",24
"1323","HM20","A",24
"1324","HM20","A",24
"1325","HM20","A",24
"1326","HM20","A",24
"1327","HM20","A",24
"1328","HM20","A",24
"1329","HM20","A",24
"1330","HM20","A",24
"1331","HM20","A",24
"1332","HM20","A",24
"1333","HM20","A",24
"1334","HM20","A",24
"1335","HM20","A",24
"1336","HM20","A",25
"1337","HM20","A",25
"1338","HM20","A",25
"1339","HM20","A",25
"1340","HM20","A",25
"1341","HM20","A",25
"1342","HM20","A",25
"1343","HM20","A",26
"1344","HM20","A",26
"1345","HM20","A",26
"1346","HM20","A",26
"1347","HM20","A",26
"1350","HM20","A",26
"1351","HM20","A",26
"1352","HM20","A",26
"1353","HM20","A",26
"1354","HM20","A",26
"1355","HM20","A",26
"1356","HM20","A",26
"1357","HM20","A",26
"1358","HM20","A",26
"1359","HM20","A",26
"1362","HM20","A",27
"1363","HM20","A",27
"1364","HM20","A",27
"1365","HM20","A",27
"1367","HM20","A",27
"1368","HM20","A",27
"1369","HM20","A",27
"1370","HM20","A",27
"1371","HM20","A",27
"1372","HM20","A",27
"1373","HM20","A",27
"1374","HM20","A",27
"1375","HM20","A",27
"1376","HM20","A",27
"1377","HM20","A",27
"1378","HM20","A",28
"1379","HM20","A",28
"1381","HM20","A",28
"1383","HM20","A",28
"1385","HM20","A",28
"1386","HM20","A",28
"1387","HM20","A",28
"1388","HM20","A",28
"1389","HM20","A",28
"1390","HM20","A",28
"1391","HM20","A",28
"1392","HM20","A",28
"1393","HM20","A",28
"1394","HM20","A",28
"1395","HM20","A",28
"1396","HM20","A",28
"1397","HM20","A",29
"1398","HM20","A",29
"1399","HM20","A",29
"1400","HM20","A",29
"1401","HM20","A",29
"1402","HM20","A",29
"1403","HM20","A",29
"1424","HM20","A",30
"1425","HM20","A",30
"1426","HM20","A",30
"1427","HM20","A",30
"1428","HM20","A",30
"1429","HM20","A",30
"1430","HM20","A",30
"1431","HM20","A",30
"1432","HM20","A",30
"1433","HM20","A",30
"1434","HM20","A",30
"1435","HM20","A",30
"1436","HM20","A",30
"1437","HM20","A",30
"1438","HM20","A",30
"1439","HM20","A",31
"1440","HM20","A",31
"1441","HM20","A",31
"1442","HM20","A",31
"1443","HM20","A",31
"1444","HM20","A",31
"1445","HM20","A",31
"1446","HM20","A",31
"1447","HM20","A",31
"1448","HM20","A",31
"1449","HM20","A",31
"1450","HM20","A",31
"1451","HM20","A",31
"1452","HM20","A",31
"1453","HM20","A",31
"1454","HM20","A",31
"1455","HM20","A",31
"1456","HM20","A",31
"1457","HM20","A",31
"1458","HM20","A",31
"1459","HM20","A",32
"1460","HM20","A",32
"1461","HM20","A",32
"1462","HM20","A",32
"1463","HM20","A",32
"1464","HM20","A",32
"1465","HM20","A",32
"1466","HM20","A",32
"1467","HM20","A",32
"1468","HM20","A",32
"1469","HM20","A",32
"1470","HM20","A",32
"1471","HM20","A",32
"1472","HM20","A",32
"1473","HM20","A",32
"1474","HM20","A",32
"1475","HM20","A",32
"1476","HM20","A",32
"1478","HM20","A",32
"1479","HM20","A",32
"1480","HM20","A",32
"1481","HM20","A",32
"1482","HM20","A",32
"1483","HM20","A",33
"1484","HM20","A",33
"1485","HM20","A",33
"1486","HM20","A",33
"1487","HM20","A",33
"1488","HM20","A",33
"1489","HM20","A",33
"1490","HM20","A",33
"1491","HM20","A",33
"1492","HM20","A",33
"1494","HM20","A",33
"1495","HM20","A",33
"1496","HM20","A",33
"1497","HM20","A",33
"1498","HM20","A",33
"1499","HM20","A",33
"1500","HM20","A",33
"1501","HM20","A",33
"1502","HM20","A",33
"1503","HM20","A",33
"1504","HM20","A",33
"1505","HM20","A",34
"1506","HM20","A",34
"1507","HM20","A",34
"1508","HM20","A",34
"1509","HM20","A",34
"1510","HM20","A",34
"1511","HM20","A",34
"1512","HM20","A",34
"1513","HM20","A",34
"1514","HM20","A",34
"1515","HM20","A",34
"1516","HM20","A",34
"1517","HM20","A",34
"1518","HM20","A",34
"1519","HM20","A",34
"1520","HM20","A",34
"1521","HM20","A",34
"1523","HM20","A",34
"1524","HM20","A",34
"1525","HM20","A",34
"1526","HM20","A",34
"1528","HM20","A",34
"1529","HM20","A",34
"1530","HM20","A",34
"1531","HM20","A",34
"1532","HM20","A",34
"1533","HM20","A",34
"1534","HM20","A",34
"1535","HM20","A",34
"1536","HM20","A",35
"1538","HM20","A",35
"1539","HM20","A",35
"1540","HM20","A",35
"1541","HM20","A",35
"1542","HM20","A",35
"1543","HM20","A",35
"1544","HM20","A",35
"1545","HM20","A",35
"1546","HM20","A",35
"1548","HM20","A",35
"1549","HM20","A",35
"1550","HM20","A",35
"1551","HM20","A",35
"1552","HM20","A",35
"1553","HM20","A",35
"1554","HM20","A",35
"1555","HM20","A",35
"1556","HM20","A",35
"1557","HM20","A",35
"1558","HM20","A",35
"1559","HM20","A",35
"1561","HM20","A",35
"1562","HM20","A",35
"1563","HM20","A",35
"1564","HM20","A",36
"1565","HM20","A",36
"1566","HM20","A",36
"1567","HM20","A",36
"1568","HM20","A",36
"1569","HM20","A",36
"1570","HM20","A",36
"1571","HM20","A",36
"1572","HM20","A",36
"1573","HM20","A",36
"1574","HM20","A",36
"1575","HM20","A",36
"1576","HM20","A",36
"1577","HM20","A",36
"1578","HM20","A",36
"1579","HM20","A",36
"1580","HM20","A",36
"1581","HM20","A",36
"1582","HM20","A",36
"1583","HM20","A",36
"1584","HM20","A",36
"1585","HM20","A",36
"1586","HM20","A",36
"1587","HM20","A",37
"1588","HM20","A",37
"1589","HM20","A",37
"1590","HM20","A",37
"1591","HM20","A",37
"1592","HM20","A",37
"1593","HM20","A",37
"1594","HM20","A",37
"1595","HM20","A",37
"1596","HM20","A",37
"1597","HM20","A",37
"1598","HM20","A",37
"1599","HM20","A",37
"1600","HM20","A",37
"1601","HM20","A",37
"1602","HM20","A",37
"1603","HM20","A",37
"1604","HM20","A",37
"1605","HM20","A",37
"1606","HM20","A",37
"1607","HM20","A",37
"1608","HM20","A",37
"1609","HM20","A",37
"1610","HM20","A",37
"1611","HM20","A",37
"1612","HM20","A",37
"1613","HM20","A",38
"1614","HM20","A",38
"1615","HM20","A",38
"1616","HM20","A",38
"1617","HM20","A",38
"1618","HM20","A",38
"1619","HM20","A",38
"1620","HM20","A",38
"1621","HM20","A",38
"1622","HM20","A",38
"1623","HM20","A",38
"1624","HM20","A",38
"1625","HM20","A",38
"1626","HM20","A",38
"1627","HM20","A",38
"1628","HM20","A",38
"1629","HM20","A",38
"1630","HM20","A",38
"1631","HM20","A",38
"1632","HM20","A",38
"1633","HM20","A",38
"1634","HM20","A",38
"1635","HM20","A",38
"1636","HM20","A",38
"1637","HM20","A",38
"1638","HM20","A",38
"1639","HM20","A",38
"1640","HM20","A",38
"1641","HM20","A",39
"1642","HM20","A",39
"1643","HM20","A",39
"1644","HM20","A",39
"1645","HM20","A",39
"1646","HM20","A",39
"1647","HM20","A",39
"1648","HM20","A",39
"1649","HM20","A",39
"1650","HM20","A",39
"1651","HM20","A",39
"1652","HM20","A",39
"1653","HM20","A",39
"1654","HM20","A",39
"1655","HM20","A",39
"1656","HM20","A",39
"1657","HM20","A",39
"1658","HM20","A",39
"1659","HM20","A",39
"1660","HM20","A",39
"1661","HM20","A",39
"1662","HM20","A",39
"1685","HM20","A",40
"1686","HM20","A",40
"1687","HM20","A",40
"1688","HM20","A",40
"1689","HM20","A",40
"1690","HM20","A",40
"1691","HM20","A",40
"1692","HM20","A",40
"1693","HM20","A",40
"1694","HM20","A",40
"1695","HM20","A",40
"1696","HM20","A",40
"1697","HM20","A",40
"1698","HM20","A",40
"1699","HM20","A",40
"1700","HM20","A",40
"1701","HM20","A",40
"1702","HM20","A",40
"1703","HM20","A",40
"1704","HM20","A",40
"1705","HM20","A",40
"1706","HM20","A",40
"1707","HM20","A",40
"1708","HM20","A",40
"1709","HM20","A",40
"1710","HM20","A",40
"1711","HM20","A",40
"1712","HM20","A",41
"1713","HM20","A",41
"1714","HM20","A",41
"1715","HM20","A",41
"1716","HM20","A",41
"1717","HM20","A",41
"1718","HM20","A",41
"1719","HM20","A",41
"1720","HM20","A",41
"1721","HM20","A",41
"1722","HM20","A",41
"1723","HM20","A",41
"1724","HM20","A",41
"1725","HM20","A",41
"1726","HM20","A",41
"1727","HM20","A",41
"1728","HM20","A",41
"1729","HM20","A",41
"1730","HM20","A",41
"1731","HM20","A",41
"1732","HM20","A",41
"1733","HM20","A",42
"1735","HM20","A",42
"1736","HM20","A",42
"1737","HM20","A",42
"1738","HM20","A",42
"1739","HM20","A",42
"1740","HM20","A",42
"1741","HM20","A",42
"1742","HM20","A",42
"1743","HM20","A",42
"1744","HM20","A",42
"1745","HM20","A",42
"1746","HM20","A",42
"1747","HM20","A",42
"1748","HM20","A",42
"1749","HM20","A",42
"1750","HM20","A",42
"1751","HM20","A",42
"1752","HM20","A",42
"1753","HM20","A",42
"1754","HM20","A",42
"1755","HM20","A",42
"1756","HM20","A",42
"1757","HM20","A",42
"1758","HM20","A",42
"1759","HM20","A",42
"1760","HM20","A",42
"1761","HM20","A",43
"1762","HM20","A",43
"1763","HM20","A",43
"1764","HM20","A",43
"1765","HM20","A",43
"1766","HM20","A",43
"1767","HM20","A",43
"1769","HM20","A",43
"1771","HM20","A",43
"1772","HM20","A",43
"1773","HM20","A",43
"1774","HM20","A",43
"1775","HM20","A",43
"1776","HM20","A",43
"1777","HM20","A",43
"1778","HM20","A",43
"1779","HM20","A",43
"1780","HM20","A",43
"1781","HM20","A",43
"1782","HM20","A",43
"1783","HM20","A",43
"1784","HM20","A",44
"1785","HM20","A",44
"1786","HM20","A",44
"1787","HM20","A",44
"1788","HM20","A",44
"1789","HM20","A",44
"1790","HM20","A",44
"1791","HM20","A",44
"1792","HM20","A",44
"1793","HM20","A",44
"1794","HM20","A",44
"1795","HM20","A",44
"1796","HM20","A",44
"1797","HM20","A",44
"1798","HM20","A",44
"1799","HM20","A",44
"1800","HM20","A",44
"1801","HM20","A",44
"1802","HM20","A",44
"1803","HM20","A",44
"1804","HM20","A",44
"1805","HM20","A",44
"1806","HM20","A",44
"1807","HM20","A",45
"1808","HM20","A",45
"1809","HM20","A",45
"1810","HM20","A",45
"1811","HM20","A",45
"1812","HM20","A",45
"1813","HM20","A",45
"1814","HM20","A",45
"1815","HM20","A",45
"1816","HM20","A",45
"1817","HM20","A",45
"1818","HM20","A",45
"1819","HM20","A",45
"1820","HM20","A",45
"1821","HM20","A",45
"1822","HM20","A",45
"1823","HM20","A",45
"1824","HM20","A",45
"1825","HM20","A",45
"1826","HM20","A",45
"1827","HM20","A",45
"1828","HM20","A",45
"1829","HM20","A",45
"1830","HM20","A",45
"1831","HM20","A",45
"1832","HM20","A",45
"1833","HM20","A",45
"1834","HM20","A",45
"1835","HM20","A",46
"1836","HM20","A",46
"1837","HM20","A",46
"1838","HM20","A",46
"1839","HM20","A",46
"1840","HM20","A",46
"1841","HM20","A",46
"1842","HM20","A",46
"1843","HM20","A",46
"1844","HM20","A",46
"1845","HM20","A",46
"1846","HM20","A",46
"1847","HM20","A",46
"1848","HM20","A",46
"1849","HM20","A",46
"1850","HM20","A",46
"1851","HM20","A",46
"1852","HM20","A",46
"1853","HM20","A",46
"1854","HM20","A",46
"1855","HM20","A",46
"1856","HM20","A",46
"1857","HM20","A",46
"1858","HM20","A",47
"1859","HM20","A",47
"1860","HM20","A",47
"1861","HM20","A",47
"1862","HM20","A",47
"1863","HM20","A",47
"1864","HM20","A",47
"1865","HM20","A",47
"1868","HM20","A",47
"1869","HM20","A",47
"1870","HM20","A",47
"1871","HM20","A",47
"1872","HM20","A",47
"1873","HM20","A",47
"1874","HM20","A",47
"1875","HM20","A",47
"1876","HM20","A",47
"1877","HM20","A",47
"1878","HM20","A",48
"1879","HM20","A",48
"1880","HM20","A",48
"1881","HM20","A",48
"1882","HM20","A",48
"1883","HM20","A",48
"1884","HM20","A",48
"1886","HM20","A",48
"1888","HM20","A",48
"1889","HM20","A",48
"1890","HM20","A",48
"1891","HM20","A",48
"1892","HM20","A",48
"1893","HM20","A",48
"1894","HM20","A",48
"1895","HM20","A",48
"1896","HM20","A",48
"1897","HM20","A",48
"1898","HM20","A",48
"1899","HM20","A",48
"1900","HM20","A",48
"1901","HM20","A",48
"1902","HM20","A",48
"1903","HM20","A",48
"1904","HM20","A",48
"1905","HM20","A",49
"1906","HM20","A",49
"1907","HM20","A",49
"1908","HM20","A",49
"1909","HM20","A",49
"1910","HM20","A",49
"1911","HM20","A",49
"1912","HM20","A",49
"1913","HM20","A",49
"1914","HM20","A",49
"1915","HM20","A",49
"1916","HM20","A",49
"1917","HM20","A",49
"1918","HM20","A",49
"1919","HM20","A",49
"1920","HM20","A",49
"1921","HM20","A",49
"1922","HM20","A",49
"1923","HM20","A",49
"1924","HM20","A",49
"1925","HM20","A",49
"1926","HM20","A",49
"1927","HM20","A",49
"1928","HM20","A",49
"1929","HM20","A",49
"1930","HM20","A",49
"1952","HM20","A",50
"1953","HM20","A",50
"1954","HM20","A",50
"1955","HM20","A",50
"1956","HM20","A",50
"1957","HM20","A",50
"1958","HM20","A",50
"1959","HM20","A",50
"1960","HM20","A",50
"1961","HM20","A",50
"1962","HM20","A",50
"1963","HM20","A",50
"1964","HM20","A",50
"1965","HM20","A",50
"1966","HM20","A",50
"1967","HM20","A",50
"1968","HM20","A",50
"1969","HM20","A",50
"1970","HM20","A",50
"1971","HM20","A",50
"1972","HM20","A",51
"1973","HM20","A",51
"1974","HM20","A",51
"1975","HM20","A",51
"1976","HM20","A",51
"1978","HM20","A",51
"1979","HM20","A",51
"1980","HM20","A",51
"1981","HM20","A",51
"1982","HM20","A",51
"1983","HM20","A",51
"1984","HM20","A",51
"1985","HM20","A",51
"1986","HM20","A",51
"1987","HM20","A",51
"1988","HM20","A",51
"1989","HM20","A",51
"1990","HM20","A",51
"1991","HM20","A",51
"1992","HM20","A",51
"1993","HM20","A",51
"1994","HM20","A",52
"1995","HM20","A",52
"1996","HM20","A",52
"1997","HM20","A",52
"1998","HM20","A",52
"1999","HM20","A",52
"2000","HM20","A",52
"2001","HM20","A",52
"2002","HM20","A",52
"2003","HM20","A",52
"2004","HM20","A",52
"2005","HM20","A",52
"2006","HM20","A",52
"2007","HM20","A",52
"2008","HM20","A",52
"2009","HM20","A",52
"2010","HM20","A",52
"2011","HM20","A",52
"2012","HM20","A",52
"2013","HM20","A",52
"2014","HM20","A",52
"2015","HM20","A",52
"2016","HM20","A",52
"2017","HM20","A",52
"2018","HM20","A",53
"2019","HM20","A",53
"2020","HM20","A",53
"2021","HM20","A",53
"2022","HM20","A",53
"2023","HM20","A",53
"2025","HM20","A",53
"2026","HM20","A",53
"2027","HM20","A",53
"2028","HM20","A",53
"2029","HM20","A",53
"2030","HM20","A",53
"2031","HM20","A",53
"2032","HM20","A",53
"2033","HM20","A",53
"2034","HM20","A",53
"2035","HM20","A",53
"2036","HM20","A",53
"2037","HM20","A",53
"2038","HM20","A",53
"2039","HM20","A",53
"2040","HM20","A",53
"2041","HM20","A",53
"2042","HM20","A",54
"2044","HM20","A",54
"2045","HM20","A",54
"2046","HM20","A",54
"2047","HM20","A",54
"2048","HM20","A",54
"2049","HM20","A",54
"2050","HM20","A",54
"2051","HM20","A",54
"2052","HM20","A",54
"2053","HM20","A",54
"2054","HM20","A",54
"2055","HM20","A",54
"2056","HM20","A",54
"2057","HM20","A",54
"2058","HM20","A",54
"2059","HM20","A",54
"2060","HM20","A",54
"2061","HM20","A",54
"2062","HM20","A",54
"2063","HM20","A",54
"2064","HM20","A",54
"2065","HM20","A",54
"2066","HM20","A",54
"2067","HM20","A",55
"2068","HM20","A",55
"2069","HM20","A",55
"2070","HM20","A",55
"2071","HM20","A",55
"2072","HM20","A",55
"2073","HM20","A",55
"2074","HM20","A",55
"2075","HM20","A",55
"2076","HM20","A",55
"2077","HM20","A",55
"2079","HM20","A",55
"2080","HM20","A",55
"2081","HM20","A",55
"2082","HM20","A",55
"2083","HM20","A",55
"2084","HM20","A",55
"2086","HM20","A",55
"2087","HM20","A",55
"2088","HM20","A",55
"2089","HM20","A",55
"2090","HM20","A",55
"2091","HM20","A",55
"2092","HM20","A",56
"2093","HM20","A",56
"2094","HM20","A",56
"2095","HM20","A",56
"2096","HM20","A",56
"2097","HM20","A",56
"2098","HM20","A",56
"2099","HM20","A",56
"2100","HM20","A",56
"2101","HM20","A",56
"2102","HM20","A",56
"2103","HM20","A",56
"2104","HM20","A",56
"2105","HM20","A",56
"2106","HM20","A",56
"2107","HM20","A",56
"2108","HM20","A",56
"2109","HM20","A",56
"2110","HM20","A",56
"2111","HM20","A",56
"2112","HM20","A",56
"2113","HM20","A",56
"2114","HM20","A",56
"2115","HM20","A",56
"2116","HM20","A",57
"2117","HM20","A",57
"2118","HM20","A",57
"2119","HM20","A",57
"2120","HM20","A",57
"2121","HM20","A",57
"2122","HM20","A",57
"2123","HM20","A",57
"2124","HM20","A",57
"2125","HM20","A",57
"2126","HM20","A",57
"2127","HM20","A",57
"2128","HM20","A",57
"2129","HM20","A",57
"2130","HM20","A",57
"2131","HM20","A",57
"2132","HM20","A",57
"2133","HM20","A",57
"2134","HM20","A",57
"2135","HM20","A",57
"2136","HM20","A",57
"2137","HM20","A",58
"2140","HM20","A",58
"2143","HM20","A",58
"2144","HM20","A",58
"2145","HM20","A",58
"2146","HM20","A",58
"2147","HM20","A",58
"2148","HM20","A",58
"2149","HM20","A",58
"2150","HM20","A",58
"2151","HM20","A",58
"2152","HM20","A",58
"2153","HM20","A",58
"2154","HM20","A",58
"2155","HM20","A",58
"2156","HM20","A",58
"2157","HM20","A",58
"2158","HM20","A",58
"2159","HM20","A",58
"2160","HM20","A",58
"2161","HM20","A",58
"2162","HM20","A",58
"2163","HM20","A",58
"2164","HM20","A",58
"2165","HM20","A",59
"2166","HM20","A",59
"2167","HM20","A",59
"2168","HM20","A",59
"2169","HM20","A",59
"2170","HM20","A",59
"2171","HM20","A",59
"2172","HM20","A",59
"2174","HM20","A",59
"2176","HM20","A",59
"2177","HM20","A",59
"2178","HM20","A",59
"2179","HM20","A",59
"2180","HM20","A",59
"2181","HM20","A",59
"2182","HM20","A",59
"2183","HM20","A",59
"2184","HM20","A",59
"2185","HM20","A",59
"2186","HM20","A",59
"2187","HM20","A",59
"2188","HM20","A",59
"2189","HM20","A",59
"2203","HM20","A",60
"2204","HM20","A",60
"2207","HM20","A",60
"2208","HM20","A",60
"2209","HM20","A",60
"2210","HM20","A",60
"2211","HM20","A",60
"2212","HM20","A",60
"2213","HM20","A",60
"2214","HM20","A",60
"2215","HM20","A",60
"2216","HM20","A",60
"2217","HM20","A",60
"2218","HM20","A",60
"2219","HM20","A",60
"2220","HM20","A",60
"2221","HM20","A",60
"2222","HM20","A",60
"2223","HM20","A",60
"2224","HM20","A",60
"2225","HM20","A",60
"2226","HM20","A",60
"2227","HM20","A",60
"2228","HM20","A",60
"2229","HM20","A",61
"2230","HM20","A",61
"2231","HM20","A",61
"2232","HM20","A",61
"2233","HM20","A",61
"2234","HM20","A",61
"2235","HM20","A",61
"2236","HM20","A",61
"2237","HM20","A",61
"2238","HM20","A",61
"2239","HM20","A",61
"2240","HM20","A",61
"2241","HM20","A",61
"2242","HM20","A",61
"2243","HM20","A",61
"2244","HM20","A",61
"2245","HM20","A",61
"2246","HM20","A",61
"2247","HM20","A",61
"2248","HM20","A",61
"2249","HM20","A",61
"2250","HM20","A",61
"2251","HM20","A",62
"2253","HM20","A",62
"2254","HM20","A",62
"2255","HM20","A",62
"2257","HM20","A",62
"2258","HM20","A",62
"2259","HM20","A",62
"2260","HM20","A",62
"2262","HM20","A",62
"2264","HM20","A",62
"2265","HM20","A",62
"2266","HM20","A",62
"2267","HM20","A",62
"2268","HM20","A",63
"2270","HM20","A",63
"2271","HM20","A",63
"2272","HM20","A",63
"2273","HM20","A",63
"2275","HM20","A",63
"2276","HM20","A",63
"2277","HM20","A",63
"2278","HM20","A",63
"2279","HM20","A",63
"2280","HM20","A",63
"2282","HM20","A",63
"2283","HM20","A",63
"2284","HM20","A",63
"2285","HM20","A",63
"2286","HM20","A",63
"2287","HM20","A",63
"2288","HM20","A",63
"2289","HM20","A",64
"2292","HM20","A",64
"2297","HM20","A",64
"2304","HM20","A",64
"2305","HM20","A",64
"2306","HM20","A",64
"2307","HM20","A",64
"2308","HM20","A",65
"2309","HM20","A",65
"2310","HM20","A",65
"2311","HM20","A",65
"2315","HM20","A",65
"2316","HM20","A",65
"2317","HM20","A",65
"2318","HM20","A",65
"2319","HM20","A",65
"2320","HM20","A",65
"2321","HM20","A",65
"2322","HM20","A",65
"2323","HM20","A",65
"2324","HM20","A",65
"2325","HM20","A",65
"2326","HM20","A",65
"2327","HM20","A",65
"2328","HM20","A",65
"2329","HM20","A",65
"2330","HM20","A",65
"2331","HM20","A",66
"2332","HM20","A",66
"2333","HM20","A",66
"2334","HM20","A",66
"2335","HM20","A",66
"2336","HM20","A",66
"2337","HM20","A",66
"2338","HM20","A",66
"2339","HM20","A",66
"2340","HM20","A",66
"2341","HM20","A",66
"2342","HM20","A",66
"2343","HM20","A",66
"2344","HM20","A",66
"2345","HM20","A",66
"2346","HM20","A",66
"2347","HM20","A",67
"2348","HM20","A",67
"2349","HM20","A",67
"2350","HM20","A",67
"2351","HM20","A",67
"2352","HM20","A",67
"2353","HM20","A",68
"2354","HM20","A",68
"2355","HM20","A",68
"2356","HM20","A",68
"2357","HM20","A",68
"2358","HM20","A",68
"2359","HM20","A",68
"2360","HM20","A",68
"2361","HM20","A",68
"2362","HM20","A",68
"2363","HM20","A",68
"2364","HM20","A",68
"2365","HM20","A",68
"2366","HM20","A",68
"2368","HM20","A",68
"2369","HM20","A",68
"2372","HM20","A",69
"2373","HM20","A",69
"2374","HM20","A",69
"2375","HM20","A",69
"2376","HM20","A",69
"2377","HM20","A",69
"2378","HM20","A",69
"2379","HM20","A",69
"2380","HM20","A",69
"2381","HM20","A",69
"2382","HM20","A",69
"2383","HM20","A",69
"2384","HM20","A",69
"2385","HM20","A",69
"2391","HM20","A",70
"2392","HM20","A",70
"2393","HM20","A",70
"2394","HM20","A",70
"2395","HM20","A",70
"2396","HM20","A",70
"2397","HM20","A",70
"2399","HM20","A",70
"2400","HM20","A",70
"2401","HM20","A",70
"2402","HM20","A",70
"2403","HM20","A",70
"2404","HM20","A",70
"2405","HM20","A",70
"2406","HM20","A",70
"2407","HM20","A",70
"2408","HM20","A",70
"2409","HM20","A",70
"2410","HM20","A",70
"2411","HM20","A",71
"2412","HM20","A",71
"2413","HM20","A",71
"2414","HM20","A",71
"2416","HM20","A",71
"2417","HM20","A",71
"2418","HM20","A",71
"2419","HM20","A",71
"2420","HM20","A",71
"2422","HM20","A",72
"2423","HM20","A",72
"2424","HM20","A",72
"2425","HM20","A",72
"2426","HM20","A",72
"2427","HM20","A",72
"2428","HM20","A",72
"2429","HM20","A",72
"2430","HM20","A",72
"2431","HM20","A",72
"2433","HM20","A",73
"2434","HM20","A",73
"2435","HM20","A",73
"2436","HM20","A",73
"2437","HM20","A",73
"2438","HM20","A",73
"2439","HM20","A",73
"2440","HM20","A",73
"2441","HM20","A",74
"2444","HM20","A",74
"2445","HM20","A",74
"2446","HM20","A",74
"2447","HM20","A",74
"2448","HM20","A",74
"2449","HM20","A",74
"2451","HM20","A",74
"2452","HM20","A",74
"2453","HM20","A",74
"2454","HM20","A",74
"2455","HM20","A",74
"2456","HM20","A",74
"2457","HM20","A",75
"2458","HM20","A",75
"2459","HM20","A",75
"2460","HM20","A",75
"2461","HM20","A",75
"2463","HM20","A",75
"2465","HM20","A",75
"2466","HM20","A",75
"2467","HM20","A",75
"2468","HM20","A",75
"2469","HM20","A",75
"2470","HM20","A",75
"2471","HM20","A",75
"2472","HM20","A",75
"2473","HM20","A",75
"2474","HM20","A",75
"2475","HM20","A",75
"2476","HM20","A",75
"2477","HM20","A",75
"2478","HM20","A",75
"2479","HM20","A",75
"2480","HM20","A",75
"2481","HM20","A",76
"2482","HM20","A",76
"2483","HM20","A",76
"2484","HM20","A",76
"2487","HM20","A",76
"2488","HM20","A",76
"2489","HM20","A",76
"2490","HM20","A",76
"2491","HM20","A",76
"2492","HM20","A",76
"2493","HM20","A",76
"2494","HM20","A",76
"2495","HM20","A",76
"2496","HM20","A",77
"2497","HM20","A",77
"2498","HM20","A",77
"2499","HM20","A",77
"2500","HM20","A",77
"2501","HM20","A",77
"2502","HM20","A",77
"2503","HM20","A",78
"2504","HM20","A",78
"2505","HM20","A",78
"2506","HM20","A",78
"2507","HM20","A",78
"2508","HM20","A",78
"2509","HM20","A",78
"2510","HM20","A",78
"2511","HM20","A",78
"2512","HM20","A",78
"2513","HM20","A",78
"2514","HM20","A",78
"2515","HM20","A",78
"2516","HM20","A",78
"2517","HM20","A",78
"2518","HM20","A",78
"2520","HM20","A",79
"2521","HM20","A",79
"2522","HM20","A",79
"2523","HM20","A",79
"2524","HM20","A",79
"2525","HM20","A",79
"2526","HM20","A",79
"2527","HM20","A",79
"2528","HM20","A",79
"2529","HM20","A",79
"2530","HM20","A",79
"2531","HM20","A",79
"2533","HM20","A",79
"2534","HM20","A",79
"2535","HM20","A",79
"2536","HM20","A",79
"2537","HM20","A",79
"2538","HM20","A",79
"2539","HM20","A",79
"2550","HM20","A",80
"2551","HM20","A",80
"2552","HM20","A",80
"2553","HM20","A",80
"2554","HM20","A",80
"2555","HM20","A",80
"2556","HM20","A",80
"2557","HM20","A",80
"2558","HM20","A",80
"2559","HM20","A",80
"2560","HM20","A",80
"2561","HM20","A",80
"2562","HM20","A",80
"2563","HM20","A",80
"2564","HM20","A",80
"2565","HM20","A",80
"2566","HM20","A",80
"2567","HM20","A",81
"2568","HM20","A",81
"2569","HM20","A",81
"2570","HM20","A",81
"2571","HM20","A",81
"2572","HM20","A",81
"2574","HM20","A",81
"2575","HM20","A",81
"2576","HM20","A",81
"2577","HM20","A",81
"2578","HM20","A",81
"2579","HM20","A",81
"2580","HM20","A",81
"2581","HM20","A",81
"2582","HM20","A",82
"2583","HM20","A",82
"2584","HM20","A",82
"2585","HM20","A",82
"2586","HM20","A",82
"2587","HM20","A",82
"2588","HM20","A",82
"2589","HM20","A",82
"2590","HM20","A",82
"2591","HM20","A",82
"2592","HM20","A",82
"2593","HM20","A",82
"2594","HM20","A",82
"2595","HM20","A",82
"2596","HM20","A",82
"2597","HM20","A",82
"2598","HM20","A",82
"2599","HM20","A",82
"2600","HM20","A",82
"2601","HM20","A",82
"2602","HM20","A",82
"2603","HM20","A",82
"2604","HM20","A",82
"2605","HM20","A",82
"2606","HM20","A",82
"2607","HM20","A",82
"2608","HM20","A",82
"2609","HM20","A",83
"2610","HM20","A",83
"2611","HM20","A",83
"2612","HM20","A",83
"2613","HM20","A",83
"2614","HM20","A",83
"2615","HM20","A",83
"2616","HM20","A",83
"2617","HM20","A",83
"2618","HM20","A",83
"2619","HM20","A",83
"2620","HM20","A",83
"2621","HM20","A",83
"2622","HM20","A",83
"2623","HM20","A",83
"2624","HM20","A",83
"2625","HM20","A",83
"2626","HM20","A",83
"2627","HM20","A",83
"2628","HM20","A",83
"2629","HM20","A",83
"2630","HM20","A",84
"2631","HM20","A",84
"2632","HM20","A",84
"2633","HM20","A",84
"2634","HM20","A",84
"2635","HM20","A",84
"2636","HM20","A",84
"2637","HM20","A",84
"2638","HM20","A",84
"2639","HM20","A",84
"2640","HM20","A",84
"2641","HM20","A",84
"2642","HM20","A",84
"2643","HM20","A",84
"2644","HM20","A",84
"2645","HM20","A",85
"2646","HM20","A",85
"2647","HM20","A",85
"2648","HM20","A",85
"2649","HM20","A",85
"2650","HM20","A",85
"2651","HM20","A",85
"2653","HM20","A",85
"2656","HM20","A",85
"2658","HM20","A",85
"2659","HM20","A",85
"2660","HM20","A",85
"2661","HM20","A",86
"2662","HM20","A",86
"2663","HM20","A",86
"2664","HM20","A",86
"2665","HM20","A",86
"2666","HM20","A",86
"2667","HM20","A",86
"2669","HM20","A",86
"2670","HM20","A",86
"2671","HM20","A",86
"2672","HM20","A",86
"2673","HM20","A",86
"2674","HM20","A",86
"2675","HM20","A",86
"2676","HM20","A",86
"2677","HM20","A",86
"2678","HM20","A",86
"2680","HM20","A",86
"2681","HM20","A",86
"2682","HM20","A",86
"2683","HM20","A",86
"2684","HM20","A",87
"2685","HM20","A",87
"2686","HM20","A",87
"2687","HM20","A",87
"2688","HM20","A",87
"2689","HM20","A",87
"2690","HM20","A",87
"2694","HM20","A",87
"2695","HM20","A",88
"2696","HM20","A",88
"2697","HM20","A",88
"2698","HM20","A",88
"2699","HM20","A",88
"2700","HM20","A",88
"2701","HM20","A",88
"2702","HM20","A",88
"2703","HM20","A",88
"2704","HM20","A",89
"2705","HM20","A",89
"2706","HM20","A",89
"2707","HM20","A",89
"2708","HM20","A",89
"2709","HM20","A",89
"2714","HM20","A",90
"2715","HM20","A",90
"2716","HM20","A",90
"2717","HM20","A",91
"2718","HM20","A",91
"2719","HM20","A",91
"2720","HM20","A",91
"2721","HM20","A",91
"2722","HM20","A",91
"2723","HM20","A",91
"2724","HM20","A",91
"2725","HM20","A",91
"2726","HM20","A",92
"2727","HM20","A",92
"2728","HM20","A",92
"2729","HM20","A",92
"2730","HM20","A",92
"2731","HM20","A",93
"2732","HM20","A",93
"2733","HM20","A",93
"2734","HM20","A",93
"2735","HM20","A",93
"2736","HM20","A",93
"2737","HM20","A",93
"2738","HM20","A",93
"2739","HM20","A",93
"2740","HM20","A",93
"2741","HM20","A",94
"2742","HM20","A",94
"2743","HM20","A",94
"2744","HM20","A",94
"2745","HM20","A",94
"2746","HM20","A",94
"2747","HM20","A",94
"2748","HM20","A",95
"2749","HM20","A",95
"2750","HM20","A",95
"2751","HM20","A",95
"2752","HM20","A",96
"2754","HM20","A",97
"2755","HM20","A",97
"2756","HM20","A",97
"2757","HM20","A",97
"2758","HM20","A",97
"2759","HM20","A",98
"2760","HM20","A",98
"2761","HM20","A",98
"2762","HM20","A",98
"2763","HM20","A",98
"2764","HM20","A",98
"2765","HM20","A",98
"2766","HM20","A",98
"2767","HM20","A",98
"2768","HM20","A",98
"2769","HM20","A",99
"2770","HM20","A",99
"2772","HM20","A",99
"2773","HM20","A",99
"2774","HM20","A",99
"2138","HM20","A",100
"2252","HM20","A",100
"2312","HM20","A",100
"2415","HM20","A",101
"2519","HM20","A",101
"2652","HM20","A",101
"2753","HM20","A",101
"2810","HM20","A",101
"2910","HM20","A",101
"306","HM20","A",102
"3110","HM20","A",102
"3210","HM20","A",102
"3310","HM20","A",102
"3410","HM20","A",103
"3510","HM20","A",103
"3610","HM20","A",103
"3710","HM20","A",103
"3810","HM20","A",103
"39","HM20","A",103
"4010","HM20","A",104
"4110","HM20","A",104
"4210","HM20","A",104
"43","HM20","A",104
"4410","HM20","A",104
"4510","HM20","A",105
"4610","HM20","A",105
"4710","HM20","A",105
"4810","HM20","A",105
"4910","HM20","A",105
"5010","HM20","A",106
"5110","HM20","A",106
"5210","HM20","A",106
"5310","HM20","A",106
"549","HM20","A",106
"5510","HM20","A",106
"5610","HM20","A",106
"5710","HM20","A",106
"5810","HM20","A",106
"5910","HM20","A",106
"6010","HM20","A",106
"615","HM20","A",106
"6210","HM20","A",107
"6410","HM20","A",107
"654","HM20","A",107
"664","HM20","A",107
"6910","HM20","A",107
"713","HM20","A",107
"722","HM20","A",107
"736","HM20","A",107
"7410","HM20","A",107
"756","HM20","A",107
"767","HM20","A",107
"7710","HM20","A",107
"7810","HM20","A",107
"7910","HM20","A",107
"8010","HM20","A",107
"8110","HM20","A",108
"8210","HM20","A",108
"8310","HM20","A",108
"8410","HM20","A",108
"8510","HM20","A",108
"866","HM20","A",108
"877","HM20","A",108
"882","HM20","A",108
"9010","HM20","A",108
"91","HM20","A",108
"9210","HM20","A",108
"935","HM20","A",109
"943","HM20","A",109
"9510","HM20","A",109
"96","HM20","A",109
"973","HM20","A",109
"9810","HM20","A",109
"992","HM20","A",109
"10010","HM20","A",109
"1014","HM20","A",109
"1021","HM20","A",109
"10310","HM20","A",109
"10410","HM20","A",109
"10510","HM20","A",109
"106","HM20","A",109
"10710","HM20","A",110
"1089","HM20","A",110
"10910","HM20","A",110
"11010","HM20","A",111
"11110","HM20","A",111
"11210","HM20","A",111
"11310","HM20","A",111
"116","HM20","A",111
"11710","HM20","A",111
"11810","HM20","A",111
"11910","HM20","A",111
"12010","HM20","A",111
"12110","HM20","A",111
"12210","HM20","A",111
"1234","HM20","A",111
"1244","HM20","A",111
"12510","HM20","A",111
"12610","HM20","A",112
"1279","HM20","A",112
"1281","HM20","A",112
"1291","HM20","A",112
"13110","HM20","A",112
"13210","HM20","A",112
"13310","HM20","A",112
"1348","HM20","A",112
"13510","HM20","A",112
"1361","HM20","A",113
"1382","HM20","A",113
"13910","HM20","A",113
"14010","HM20","A",113
"14110","HM20","A",113
"14210","HM20","A",113
"144","HM20","A",113
"14510","HM20","A",113
"14610","HM20","A",113
"1477","HM20","A",113
"14810","HM20","A",113
"1493","HM20","A",113
"15010","HM20","A",114
"15110","HM20","A",114
"1522","HM20","A",114
"1537","HM20","A",114
"1547","HM20","A",114
"15510","HM20","A",114
"15610","HM20","A",114
"15710","HM20","A",114
"15810","HM20","A",114
"15910","HM20","A",114
"16010","HM20","A",114
"16110","HM20","A",114
"16210","HM20","A",114
"16310","HM20","A",114
"16410","HM20","A",114
"16510","HM20","A",114
"16610","HM20","A",114
"1674","HM20","A",114
"1684","HM20","A",114
"16910","HM20","A",115
"17010","HM20","A",115
"17110","HM20","A",115
"17210","HM20","A",115
"17310","HM20","A",115
"17410","HM20","A",115
"17510","HM20","A",116
"1768","HM20","A",116
"17710","HM20","A",116
"17810","HM20","A",116
"17910","HM20","A",116
"18010","HM20","A",116
"18110","HM20","A",116
"18210","HM20","A",116
"18310","HM20","A",117
"18410","HM20","A",117
"18510","HM20","A",117
"1867","HM20","A",117
"18710","HM20","A",117
"1885","HM20","A",118
"18910","HM20","A",118
"19010","HM20","A",118
"19110","HM20","A",118
"19210","HM20","A",118
"1931","HM20","A",118
"19410","HM20","A",118
"1977","HM20","A",118
"198","HM20","A",118
"19910","HM20","A",118
"20010","HM20","A",118
"201","HM20","A",118
"20210","HM20","A",118
"20310","HM20","A",119
"204","HM20","A",119
"20510","HM20","A",119
"20610","HM20","A",119
"2078","HM20","A",119
"2085","HM20","A",119
"209","HM20","A",119
"21010","HM20","A",119
"21110","HM20","A",119
"21210","HM20","A",119
"2139","HM20","A",119
"2141","HM20","A",119
"21510","HM20","A",120
"21610","HM20","A",120
"2173","HM20","A",120
"21810","HM20","A",120
"2205","HM20","A",120
"22110","HM20","A",120
"22210","HM20","A",121
"22310","HM20","A",121
"22410","HM20","A",121
"2256","HM20","A",121
"2261","HM20","A",121
"2281","HM20","A",121
"2291","HM20","A",122
"2313","HM20","A",122
"23210","HM20","A",122
"23310","HM20","A",122
"23410","HM20","A",122
"23510","HM20","A",122
"2367","HM20","A",122
"2371","HM20","A",122
"2386","HM20","A",122
"2398","HM20","A",122
"240","HM20","A",122
"24110","HM20","A",122
"2432","HM20","A",122
"244","HM20","A",122
"24510","HM20","A",122
"246","HM20","A",123
"24710","HM20","A",123
"248","HM20","A",123
"24910","HM20","A",123
"250","HM20","A",123
"25110","HM20","A",123
"25210","HM20","A",123
"253","HM20","A",123
"25410","HM20","A",123
"25510","HM20","A",123
"25610","HM20","A",123
"257","HM20","A",123
"25810","HM20","A",124
"25910","HM20","A",124
"26010","HM20","A",124
"26110","HM20","A",124
"26210","HM20","A",124
"26310","HM20","A",124
"26410","HM20","A",124
"2654","HM20","A",124
"2668","HM20","A",124
"2679","HM20","A",124
"26810","HM20","A",124
"2691","HM20","A",125
"270","HM20","A",125
"27110","HM20","A",125
"27210","HM20","A",125
"27310","HM20","A",125
"27410","HM20","A",125
"27510","HM20","A",125
"27610","HM20","A",125
"2771","HM20","A",125
"2781","HM20","A",125
"2791","HM20","A",125
"2801","HM20","A",125
"281","HM20","A",125
"2821","HM20","A",126
"2831","HM20","A",126
"2841","HM20","A",126
"2851","HM20","A",126
"286","HM20","A",126
"2871","HM20","A",126
"2881","HM20","A",126
"2891","HM20","A",126
"2901","HM20","A",126
"2911","HM20","A",126
"2921","HM20","A",126
"2931","HM20","A",126
"2951","HM20","A",126
"2961","HM20","A",126
"2971","HM20","A",126
"2981","HM20","A",126
"2991","HM20","A",126
"300","HM20","A",126
"3011","HM20","A",126
"3021","HM20","A",126
"3031","HM20","A",126
"3041","HM20","A",126
"305","HM20","A",126
"307","HM20","A",127
"308","HM20","A",127
"3091","HM20","A",127
"3101","HM20","A",127
"3111","HM20","A",127
"3121","HM20","A",127
"3131","HM20","A",127
"314","HM20","A",127
"315","HM20","A",127
"3161","HM20","A",127
"3171","HM20","A",127
"3181","HM20","A",127
"3191","HM20","A",127
"3201","HM20","A",127
"3211","HM20","A",127
"3221","HM20","A",127
"3231","HM20","A",127
"3241","HM20","A",127
"3251","HM20","A",127
"326","HM20","A",127
"327","HM20","A",127
"3281","HM20","A",127
"3291","HM20","A",127
"3301","HM20","A",127
"3311","HM20","A",127
"332","HM20","A",127
"3331","HM20","A",127
"3341","HM20","A",127
"3351","HM20","A",127
"3361","HM20","A",128
"3371","HM20","A",128
"3381","HM20","A",128
"3391","HM20","A",128
"3401","HM20","A",128
"3411","HM20","A",128
"3421","HM20","A",128
"3431","HM20","A",128
"3441","HM20","A",128
"3451","HM20","A",128
"3461","HM20","A",128
"3471","HM20","A",128
"3481","HM20","A",128
"3491","HM20","A",128
"3511","HM20","A",128
"3521","HM20","A",128
"3531","HM20","A",128
"3541","HM20","A",128
"3551","HM20","A",128
"356","HM20","A",128
"3571","HM20","A",128
"358","HM20","A",129
"3621","HM20","A",129
"3641","HM20","A",129
"3651","HM20","A",129
"3661","HM20","A",129
"3671","HM20","A",129
"3681","HM20","A",129
"3691","HM20","A",129
"3701","HM20","A",129
"3711","HM20","A",129
"3721","HM20","A",129
"3731","HM20","A",129
"3741","HM20","A",129
"3751","HM20","A",129
"3761","HM20","A",129
"3771","HM20","A",129
"3781","HM20","A",129
"3791","HM20","A",129
"3801","HM20","A",129
"3811","HM20","A",129
"3821","HM20","A",129
"3871","HM20","A",130
"3881","HM20","A",130
"3891","HM20","A",130
"3901","HM20","A",130
"3911","HM20","A",130
"3921","HM20","A",130
"3931","HM20","A",130
"3941","HM20","A",130
"3951","HM20","A",130
"3961","HM20","A",130
"3971","HM20","A",130
"3981","HM20","A",130
"3991","HM20","A",130
"4001","HM20","A",130
"4011","HM20","A",130
"4021","HM20","A",130
"4031","HM20","A",130
"4041","HM20","A",130
"4051","HM20","A",130
"4061","HM20","A",130
"4071","HM20","A",130
"4081","HM20","A",130
"4091","HM20","A",130
"4101","HM20","A",131
"4111","HM20","A",131
"4121","HM20","A",131
"4131","HM20","A",131
"4141","HM20","A",131
"4151","HM20","A",131
"4161","HM20","A",131
"4171","HM20","A",131
"4181","HM20","A",131
"4191","HM20","A",131
"4201","HM20","A",131
"4211","HM20","A",131
"4221","HM20","A",131
"4231","HM20","A",131
"4241","HM20","A",131
"4251","HM20","A",131
"4261","HM20","A",131
"4271","HM20","A",131
"4281","HM20","A",131
"4291","HM20","A",132
"4301","HM20","A",132
"4311","HM20","A",132
"4321","HM20","A",132
"4331","HM20","A",132
"4341","HM20","A",132
"4351","HM20","A",132
"4361","HM20","A",132
"4371","HM20","A",132
"4381","HM20","A",132
"4391","HM20","A",132
"4401","HM20","A",132
"4411","HM20","A",132
"4421","HM20","A",132
"4431","HM20","A",132
"4441","HM20","A",132
"4451","HM20","A",133
"4461","HM20","A",133
"4471","HM20","A",133
"4481","HM20","A",133
"4491","HM20","A",133
"4501","HM20","A",133
"4511","HM20","A",133
"4521","HM20","A",133
"4531","HM20","A",133
"4541","HM20","A",133
"4551","HM20","A",134
"456","HM20","A",134
"4571","HM20","A",134
"4591","HM20","A",134
"4601","HM20","A",134
"4611","HM20","A",134
"4631","HM20","A",134
"4641","HM20","A",135
"4651","HM20","A",135
"466","HM20","A",135
"4671","HM20","A",135
"4681","HM20","A",135
"469","HM20","A",135
"470","HM20","A",135
"471","HM20","A",135
"472","HM20","A",135
"473","HM20","A",135
"474","HM20","A",135
"475","HM20","A",135
"476","HM20","A",135
"477","HM20","A",135
"478","HM20","A",135
"479","HM20","A",135
"480","HM20","A",135
"481","HM20","A",135
"482","HM20","A",135
"483","HM20","A",136
"484","HM20","A",136
"485","HM20","A",136
"486","HM20","A",136
"487","HM20","A",136
"488","HM20","A",136
"489","HM20","A",136
"490","HM20","A",136
"491","HM20","A",136
"492","HM20","A",136
"494","HM20","A",136
"495","HM20","A",136
"496","HM20","A",136
"497","HM20","A",137
"498","HM20","A",137
"499","HM20","A",137
"500","HM20","A",137
"501","HM20","A",137
"502","HM20","A",137
"503","HM20","A",137
"504","HM20","A",137
"505","HM20","A",137
"506","HM20","A",137
"507","HM20","A",137
"508","HM20","A",137
"509","HM20","A",137
"510","HM20","A",137
"511","HM20","A",138
"512","HM20","A",138
"513","HM20","A",138
"514","HM20","A",138
"515","HM20","A",138
"516","HM20","A",138
"517","HM20","A",138
"518","HM20","A",138
"519","HM20","A",138
"520","HM20","A",138
"521","HM20","A",138
"522","HM20","A",138
"523","HM20","A",138
"524","HM20","A",138
"525","HM20","A",138
"526","HM20","A",138
"527","HM20","A",138
"528","HM20","A",138
"529","HM20","A",138
"530","HM20","A",138
"531","HM20","A",139
"532","HM20","A",139
"533","HM20","A",139
"534","HM20","A",139
"535","HM20","A",139
"536","HM20","A",139
"537","HM20","A",139
"538","HM20","A",139
"540","HM20","A",139
"541","HM20","A",139
"542","HM20","A",139
"551","HM20","A",140
"552","HM20","A",140
"553","HM20","A",140
"554","HM20","A",140
"555","HM20","A",140
"556","HM20","A",140
"557","HM20","A",140
"558","HM20","A",140
"559","HM20","A",140
"560","HM20","A",140
"561","HM20","A",140
"562","HM20","A",140
"563","HM20","A",140
"564","HM20","A",140
"565","HM20","A",140
"566","HM20","A",141
"567","HM20","A",141
"568","HM20","A",141
"569","HM20","A",141
"570","HM20","A",141
"571","HM20","A",141
"572","HM20","A",141
"573","HM20","A",141
"574","HM20","A",141
"575","HM20","A",141
"576","HM20","A",141
"577","HM20","A",141
"578","HM20","A",141
"579","HM20","A",141
"580","HM20","A",141
"581","HM20","A",141
"582","HM20","A",141
"583","HM20","A",141
"584","HM20","A",141
"585","HM20","A",142
"586","HM20","A",142
"587","HM20","A",142
"588","HM20","A",142
"589","HM20","A",142
"590","HM20","A",142
"591","HM20","A",142
"592","HM20","A",142
"593","HM20","A",142
"594","HM20","A",142
"595","HM20","A",142
"596","HM20","A",142
"597","HM20","A",143
"598","HM20","A",143
"599","HM20","A",143
"600","HM20","A",143
"601","HM20","A",143
"602","HM20","A",143
"603","HM20","A",143
"604","HM20","A",143
"605","HM20","A",143
"606","HM20","A",144
"607","HM20","A",144
"608","HM20","A",144
"609","HM20","A",145
"610","HM20","A",145
"611","HM20","A",145
"612","HM20","A",145
"613","HM20","A",145
"614","HM20","A",145
"616","HM20","A",146
"617","HM20","A",146
"618","HM20","A",146
"619","HM20","A",146
"620","HM20","A",147
"621","HM20","A",147
"622","HM20","A",147
"623","HM20","A",147
"624","HM20","A",147
"625","HM20","A",147
"626","HM20","A",147
"627","HM20","A",147
"628","HM20","A",147
"629","HM20","A",147
"630","HM20","A",147
"631","HM20","A",147
"632","HM20","A",147
"633","HM20","A",148
"634","HM20","A",148
"635","HM20","A",148
"636","HM20","A",148
"637","HM20","A",148
"638","HM20","A",148
"639","HM20","A",148
"640","HM20","A",148
"641","HM20","A",148
"642","HM20","A",148
"643","HM20","A",148
"644","HM20","A",148
"645","HM20","A",148
"646","HM20","A",148
"647","HM20","A",148
"648","HM20","A",148
"649","HM20","A",148
"650","HM20","A",148
"651","HM20","A",148
"652","HM20","A",148
"653","HM20","A",148
"655","HM20","A",148
"656","HM20","A",148
"657","HM20","A",148
"658","HM20","A",148
"659","HM20","A",149
"660","HM20","A",149
"661","HM20","A",149
"662","HM20","A",149
"663","HM20","A",149
"665","HM20","A",149
"666","HM20","A",149
"667","HM20","A",149
"668","HM20","A",149
"669","HM20","A",149
"670","HM20","A",149
"671","HM20","A",149
"672","HM20","A",149
"673","HM20","A",149
"674","HM20","A",149
"675","HM20","A",149
"676","HM20","A",149
"677","HM20","A",149
"678","HM20","A",149
"679","HM20","A",149
"680","HM20","A",149
"681","HM20","A",149
"682","HM20","A",149
"683","HM20","A",150
"684","HM20","A",150
"685","HM20","A",150
"686","HM20","A",150
"687","HM20","A",150
"688","HM20","A",150
"689","HM20","A",150
"690","HM20","A",150
"691","HM20","A",150
"692","HM20","A",150
"693","HM20","A",150
"694","HM20","A",150
"695","HM20","A",150
"696","HM20","A",150
"697","HM20","A",150
"698","HM20","A",150
"699","HM20","A",150
"700","HM20","A",150
"701","HM20","A",151
"702","HM20","A",151
"703","HM20","A",151
"704","HM20","A",151
"705","HM20","A",151
"706","HM20","A",151
"707","HM20","A",151
"708","HM20","A",151
"709","HM20","A",152
"710","HM20","A",152
"711","HM20","A",152
"714","HM20","A",152
"715","HM20","A",152
"716","HM20","A",152
"717","HM20","A",152
"718","HM20","A",152
"719","HM20","A",152
"720","HM20","A",152
"721","HM20","A",152
"723","HM20","A",152
"724","HM20","A",152
"725","HM20","A",152
"726","HM20","A",152
"727","HM20","A",152
"728","HM20","A",152
"729","HM20","A",152
"730","HM20","A",152
"731","HM20","A",152
"732","HM20","A",152
"733","HM20","A",152
"734","HM20","A",152
"735","HM20","A",153
"737","HM20","A",153
"738","HM20","A",153
"739","HM20","A",153
"740","HM20","A",153
"741","HM20","A",153
"742","HM20","A",154
"743","HM20","A",154
"744","HM20","A",154
"745","HM20","A",154
"746","HM20","A",154
"747","HM20","A",154
"748","HM20","A",154
"749","HM20","A",154
"750","HM20","A",154
"751","HM20","A",154
"752","HM20","A",154
"753","HM20","A",154
"754","HM20","A",154
"755","HM20","A",154
"757","HM20","A",154
"758","HM20","A",154
"759","HM20","A",154
"761","HM20","A",154
"762","HM20","A",154
"763","HM20","A",154
"764","HM20","A",154
"765","HM20","A",155
"766","HM20","A",155
"768","HM20","A",155
"769","HM20","A",155
"770","HM20","A",155
"771","HM20","A",155
"772","HM20","A",155
"773","HM20","A",155
"774","HM20","A",155
"775","HM20","A",155
"776","HM20","A",155
"777","HM20","A",155
"778","HM20","A",155
"779","HM20","A",155
"780","HM20","A",155
"781","HM20","A",155
"782","HM20","A",155
"783","HM20","A",155
"784","HM20","A",156
"785","HM20","A",156
"786","HM20","A",156
"787","HM20","A",156
"788","HM20","A",157
"789","HM20","A",157
"790","HM20","A",157
"791","HM20","A",157
"792","HM20","A",157
"793","HM20","A",157
"794","HM20","A",157
"795","HM20","A",157
"796","HM20","A",157
"797","HM20","A",157
"798","HM20","A",157
"799","HM20","A",157
"800","HM20","A",157
"801","HM20","A",157
"802","HM20","A",157
"803","HM20","A",157
"804","HM20","A",157
"805","HM20","A",157
"806","HM20","A",157
"807","HM20","A",157
"808","HM20","A",157
"809","HM20","A",157
"810","HM20","A",157
"811","HM20","A",157
"812","HM20","A",158
"813","HM20","A",158
"814","HM20","A",158
"815","HM20","A",158
"816","HM20","A",158
"817","HM20","A",159
"818","HM20","A",159
"819","HM20","A",159
"820","HM20","A",159
"821","HM20","A",159
"822","HM20","A",159
"823","HM20","A",159
"824","HM20","A",159
"825","HM20","A",159
"826","HM20","A",159
"827","HM20","A",159
"828","HM20","A",159
"829","HM20","A",159
"830","HM20","A",159
"831","HM20","A",159
"832","HM20","A",159
"833","HM20","A",159
"834","HM20","A",159
"835","HM20","A",159
"836","HM20","A",159
"837","HM20","A",159
"838","HM20","A",159
"839","HM20","A",159
"840","HM20","A",159
"841","HM20","A",159
"842","HM20","A",159
"846","HM20","A",160
"847","HM20","A",160
"848","HM20","A",160
"849","HM20","A",160
"850","HM20","A",160
"851","HM20","A",160
"852","HM20","A",160
"853","HM20","A",160
"854","HM20","A",160
"855","HM20","A",160
"856","HM20","A",160
"857","HM20","A",160
"858","HM20","A",160
"859","HM20","A",160
"861","HM20","A",160
"862","HM20","A",160
"863","HM20","A",160
"864","HM20","A",161
"865","HM20","A",161
"867","HM20","A",161
"868","HM20","A",161
"869","HM20","A",161
"870","HM20","A",161
"871","HM20","A",161
"872","HM20","A",161
"873","HM20","A",161
"874","HM20","A",161
"875","HM20","A",161
"876","HM20","A",161
"878","HM20","A",161
"880","HM20","A",161
"881","HM20","A",161
"883","HM20","A",161
"884","HM20","A",161
"887","HM20","A",162
"888","HM20","A",162
"889","HM20","A",162
"890","HM20","A",162
"891","HM20","A",162
"892","HM20","A",162
"893","HM20","A",162
"894","HM20","A",162
"895","HM20","A",162
"896","HM20","A",162
"898","HM20","A",163
"899","HM20","A",163
"900","HM20","A",163
"901","HM20","A",163
"902","HM20","A",163
"903","HM20","A",163
"904","HM20","A",163
"905","HM20","A",163
"906","HM20","A",163
"907","HM20","A",163
"908","HM20","A",163
"909","HM20","A",163
"910","HM20","A",163
"911","HM20","A",163
"912","HM20","A",163
"913","HM20","A",163
"914","HM20","A",163
"915","HM20","A",163
"916","HM20","A",163
"917","HM20","A",163
"918","HM20","A",163
"919","HM20","A",163
"920","HM20","A",163
"921","HM20","A",163
"922","HM20","A",163
"923","HM20","A",164
"924","HM20","A",164
"926","HM20","A",164
"927","HM20","A",164
"928","HM20","A",164
"929","HM20","A",164
"930","HM20","A",164
"931","HM20","A",164
"932","HM20","A",164
"933","HM20","A",164
"934","HM20","A",164
"937","HM20","A",164
"939","HM20","A",164
"940","HM20","A",164
"941","HM20","A",164
"942","HM20","A",164
"944","HM20","A",165
"945","HM20","A",165
"946","HM20","A",165
"947","HM20","A",165
"948","HM20","A",165
"949","HM20","A",165
"950","HM20","A",165
"951","HM20","A",165
"952","HM20","A",165
"953","HM20","A",165
"954","HM20","A",165
"955","HM20","A",165
"956","HM20","A",165
"957","HM20","A",165
"958","HM20","A",165
"959","HM20","A",165
"960","HM20","A",165
"961","HM20","A",165
"962","HM20","A",165
"963","HM20","A",165
"964","HM20","A",165
"965","HM20","A",165
"966","HM20","A",165
"967","HM20","A",165
"968","HM20","A",166
"969","HM20","A",166
"971","HM20","A",166
"972","HM20","A",166
"974","HM20","A",166
"975","HM20","A",166
"976","HM20","A",166
"977","HM20","A",166
"978","HM20","A",166
"979","HM20","A",166
"980","HM20","A",166
"981","HM20","A",166
"982","HM20","A",166
"983","HM20","A",166
"984","HM20","A",166
"985","HM20","A",166
"986","HM20","A",166
"987","HM20","A",166
"988","HM20","A",166
"989","HM20","A",166
"990","HM20","A",167
"991","HM20","A",167
"994","HM20","A",167
"995","HM20","A",167
"996","HM20","A",167
"997","HM20","A",167
"998","HM20","A",167
"999","HM20","A",167
"1000","HM20","A",167
"1001","HM20","A",167
"1002","HM20","A",167
"1003","HM20","A",167
"1004","HM20","A",167
"1005","HM20","A",167
"1006","HM20","A",167
"1007","HM20","A",167
"1008","HM20","A",167
"1009","HM20","A",167
"1010","HM20","A",167
"1011","HM20","A",167
"1012","HM20","A",167
"1013","HM20","A",168
"1015","HM20","A",168
"1016","HM20","A",168
"1017","HM20","A",168
"1018","HM20","A",168
"1019","HM20","A",168
"1020","HM20","A",168
"1022","HM20","A",168
"1023","HM20","A",168
"1024","HM20","A",168
"1025","HM20","A",168
"1026","HM20","A",168
"1027","HM20","A",168
"1028","HM20","A",168
"1029","HM20","A",168
"1030","HM20","A",168
"1031","HM20","A",168
"1032","HM20","A",168
"1033","HM20","A",168
"1034","HM20","A",168
"1035","HM20","A",168
"1036","HM20","A",168
"1037","HM20","A",168
"1038","HM20","A",168
"1039","HM20","A",169
"1040","HM20","A",169
"1041","HM20","A",169
"1042","HM20","A",169
"1043","HM20","A",169
"1044","HM20","A",169
"1045","HM20","A",169
"1046","HM20","A",169
"1047","HM20","A",169
"1048","HM20","A",169
"1049","HM20","A",169
"1050","HM20","A",169
"1051","HM20","A",169
"1052","HM20","A",169
"1053","HM20","A",169
"1054","HM20","A",169
"1055","HM20","A",169
"1056","HM20","A",169
"1057","HM20","A",169
"1058","HM20","A",169
"1059","HM20","A",169
"1060","HM20","A",169
"1061","HM20","A",169
"1062","HM20","A",169
"1065","HM20","A",170
"1066","HM20","A",170
"1067","HM20","A",170
"1068","HM20","A",170
"1069","HM20","A",170
"1070","HM20","A",170
"1071","HM20","A",170
"1072","HM20","A",170
"1073","HM20","A",170
"1074","HM20","A",170
"1075","HM20","A",170
"1076","HM20","A",170
"1077","HM20","A",170
"1078","HM20","A",170
"1079","HM20","A",170
"1080","HM20","A",170
"1081","HM20","A",170
"1082","HM20","A",170
"1083","HM20","A",170
"1084","HM20","A",170
"1085","HM20","A",170
"1086","HM20","A",170
"1087","HM20","A",170
"1088","HM20","A",171
"1091","HM20","A",171
"1092","HM20","A",171
"1093","HM20","A",171
"1094","HM20","A",171
"1095","HM20","A",171
"1096","HM20","A",171
"1097","HM20","A",171
"1098","HM20","A",171
"1099","HM20","A",171
"1100","HM20","A",171
"1101","HM20","A",171
"1102","HM20","A",171
"1103","HM20","A",171
"1104","HM20","A",171
"1105","HM20","A",171
"1106","HM20","A",172
"1107","HM20","A",172
"1108","HM20","A",172
"1109","HM20","A",172
"1110","HM20","A",172
"1111","HM20","A",172
"1112","HM20","A",172
"1113","HM20","A",172
"1114","HM20","A",172
"1115","HM20","A",172
"1116","HM20","A",172
"1117","HM20","A",172
"1118","HM20","A",172
"1119","HM20","A",172
"1120","HM20","A",172
"1121","HM20","A",172
"1122","HM20","A",172
"1123","HM20","A",173
"1124","HM20","A",173
"1125","HM20","A",173
"1126","HM20","A",173
"1127","HM20","A",173
"1128","HM20","A",173
"1129","HM20","A",173
"1130","HM20","A",173
"1131","HM20","A",173
"1132","HM20","A",173
"1133","HM20","A",173
"1134","HM20","A",173
"1135","HM20","A",173
"1136","HM20","A",173
"1137","HM20","A",173
"1138","HM20","A",173
"1139","HM20","A",173
"1140","HM20","A",173
"1141","HM20","A",173
"1142","HM20","A",173
"1144","HM20","A",173
"1145","HM20","A",173
"1146","HM20","A",173
"1147","HM20","A",173
"1148","HM20","A",173
"1149","HM20","A",174
"1150","HM20","A",174
"1151","HM20","A",174
"1152","HM20","A",174
"1153","HM20","A",174
"1154","HM20","A",174
"1155","HM20","A",174
"1156","HM20","A",174
"1157","HM20","A",174
"1158","HM20","A",174
"1159","HM20","A",174
"1160","HM20","A",174
"1161","HM20","A",174
"1162","HM20","A",174
"1163","HM20","A",174
"1164","HM20","A",174
"1165","HM20","A",174
"1166","HM20","A",174
"1167","HM20","A",174
"1168","HM20","A",174
"1169","HM20","A",174
"1170","HM20","A",175
"1171","HM20","A",175
"1172","HM20","A",175
"1173","HM20","A",175
"1174","HM20","A",175
"1175","HM20","A",175
"1176","HM20","A",175
"1177","HM20","A",175
"1178","HM20","A",175
"1179","HM20","A",175
"1180","HM20","A",175
"1181","HM20","A",175
"1182","HM20","A",175
"1183","HM20","A",175
"1184","HM20","A",175
"1185","HM20","A",175
"1186","HM20","A",175
"1187","HM20","A",175
"1188","HM20","A",175
"1189","HM20","A",175
"1190","HM20","A",175
"1191","HM20","A",175
"1192","HM20","A",175
"1193","HM20","A",175
"1194","HM20","A",175
"1195","HM20","A",175
"1196","HM20","A",175
"1197","HM20","A",175
"1198","HM20","A",176
"1199","HM20","A",176
"1200","HM20","A",176
"1201","HM20","A",176
"1202","HM20","A",176
"1203","HM20","A",176
"1204","HM20","A",176
"1205","HM20","A",176
"1206","HM20","A",176
"1207","HM20","A",176
"1208","HM20","A",176
"1209","HM20","A",176
"1210","HM20","A",176
"1211","HM20","A",176
"1212","HM20","A",176
"1213","HM20","A",176
"1214","HM20","A",176
"1215","HM20","A",176
"1216","HM20","A",176
"1217","HM20","A",176
"1218","HM20","A",176
"1219","HM20","A",176
"1220","HM20","A",176
"1222","HM20","A",176
"1223","HM20","A",176
"1224","HM20","A",176
"1225","HM20","A",176
"1226","HM20","A",176
"1227","HM20","A",176
"1228","HM20","A",176
"1229","HM20","A",177
"1230","HM20","A",177
"1231","HM20","A",178
"1232","HM20","A",178
"1233","HM20","A",178
"1235","HM20","A",178
"1236","HM20","A",178
"1237","HM20","A",178
"1239","HM20","A",178
"1240","HM20","A",178
"1241","HM20","A",178
"1242","HM20","A",178
"1243","HM20","A",178
"1248","HM20","A",178
"1250","HM20","A",178
"1251","HM20","A",178
"1252","HM20","A",178
"1253","HM20","A",178
"1254","HM20","A",180
"1255","HM20","A",180
"1256","HM20","A",180
"1257","HM20","A",180
"1258","HM20","A",180
